<?xml version="1.0"?>
<config>
    <acl>
        <resources>
            <admin>
                <children>
                    <system>
                        <children>
                            <config>
                                <children>
                                    <mgroup_mgcatalogsearch translate="title" module="mgcatalogsearch">
                                        <title>CatalogSearch</title>
                                        <sort_order>0</sort_order>
                                    </mgroup_mgcatalogsearch>
                                </children>
                            </config>
                        </children>
                    </system>
                </children>
            </admin>
        </resources>
    </acl>
</config>