<?xml version="1.0"?>
<config>
    <sections>
        <mgroup_mgcatalogsearch  translate="label" module="mgcatalogsearch">                    
            <label>Catalog Search</label>
            <tab>shippingrate</tab>
            <frontend_type>text</frontend_type>
            <sort_order>100</sort_order>
            <show_in_default>1</show_in_default>
            <show_in_website>1</show_in_website>
            <show_in_store>1</show_in_store>            
            <groups>
                <general translate="label"> 
                    <label>General Setting</label>
                    <frontend_type>text</frontend_type>
                    <sort_order>0</sort_order>
                    <show_in_default>1</show_in_default>
                    <show_in_website>1</show_in_website>
                    <show_in_store>1</show_in_store>
                    <fields>                        
                        <enabled>
                            <label>Enabled</label>
                            <frontend_type>select</frontend_type>
                            <source_model>adminhtml/system_config_source_yesno</source_model>
                            <sort_order>10</sort_order>
                            <show_in_default>1</show_in_default>
                            <show_in_website>1</show_in_website>
                            <show_in_store>1</show_in_store>
                        </enabled>
                        <products_limit translate="label">
                            <label> Products Limit</label>
                            <frontend_type>text</frontend_type>
                            <sort_order>50</sort_order>
                            <show_in_default>5</show_in_default>
                            <show_in_website>1</show_in_website>
                            <show_in_store>1</show_in_store>
                        </products_limit>
                        <show_price translate="label">
                            <label>Show Price</label>
                            <frontend_type>select</frontend_type>
                            <source_model>adminhtml/system_config_source_yesno</source_model>
                            <sort_order>55</sort_order>
                            <show_in_default>1</show_in_default>
                            <show_in_website>1</show_in_website>
                            <show_in_store>1</show_in_store>
                        </show_price>
                        <show_image translate="label">
                            <label>Show Thumbnail</label>
                            <frontend_type>select</frontend_type>
                            <source_model>adminhtml/system_config_source_yesno</source_model>
                            <sort_order>60</sort_order>
                            <show_in_default>1</show_in_default>
                            <show_in_website>1</show_in_website>
                            <show_in_store>1</show_in_store>
                        </show_image>
                        <image_size translate="label">
                            <label>Thumbnail size</label>
                            <frontend_type>text</frontend_type>
                            <sort_order>65</sort_order>
                            <show_in_default>1</show_in_default>
                            <show_in_website>1</show_in_website>
                            <show_in_store>1</show_in_store>
                            <comment>[width],[height]</comment>
                        </image_size>
                        <show_rating>
                            <label>Show Rating</label>
                            <frontend_type>select</frontend_type>
                            <source_model>adminhtml/system_config_source_yesno</source_model>
                            <sort_order>70</sort_order>
                            <show_in_default>1</show_in_default>
                            <show_in_website>1</show_in_website>
                            <show_in_store>1</show_in_store>
                        </show_rating>
                        <show_add2cart>
                            <label>Enable "Add to Cart" Button</label>
                            <frontend_type>select</frontend_type>
                            <source_model>adminhtml/system_config_source_yesno</source_model>
                            <sort_order>70</sort_order>
                            <show_in_default>1</show_in_default>
                            <show_in_website>1</show_in_website>
                            <show_in_store>1</show_in_store>
                        </show_add2cart>
                        <show_short_description translate="label">
                            <label>Show Short Description</label>
                            <frontend_type>select</frontend_type>
                            <source_model>adminhtml/system_config_source_yesno</source_model>
                            <sort_order>75</sort_order>
                            <show_in_default>1</show_in_default>
                            <show_in_website>1</show_in_website>
                            <show_in_store>1</show_in_store>
                        </show_short_description>
                        <short_description_len translate="label">
                            <label>Max length of short description</label>
                            <frontend_type>text</frontend_type>
                            <sort_order>80</sort_order>
                            <show_in_default>1</show_in_default>
                            <show_in_website>1</show_in_website>
                            <show_in_store>1</show_in_store>
                        </short_description_len>
                    </fields>
                </general>
            </groups>
        </mgroup_mgcatalogsearch>
    </sections>
</config>
